﻿<?xml version="1.0" encoding="UTF-8"?>
<addon
  id="webinterface.yarc"
  version="0.3.1"
  name="yarc"
  provider-name="tuxfuxch">
  <requires>
    <import addon="xbmc.json" version="6.0.0"/>
  </requires>
  <extension
    point="xbmc.gui.webinterface"/>
  <extension point="xbmc.addon.metadata">
  <description lang="en">This remote allows you to control the XBMC with gestures in a mobile friendly webinterface. It can use language tags from your source filenames. JavaScript is required.</description>
  <language>en</language>
  <platform>all</platform>
  </extension>
</addon>

